Type,Name,Request Count,Failure Count,Median Response Time,Average Response Time,Min Response Time,Max Response Time,Average Content Size,Requests/s,Failures/s,50%,66%,75%,80%,90%,95%,98%,99%,99.9%,99.99%,100%
GET,/api/session/report/007b710a-6814-4fad-abae-00f1235b59d4,1,1,255.37949999852572,255.37949999852572,255.37949999852572,255.37949999852572,21.0,0.016690510002255004,0.016690510002255004,260,260,260,260,260,260,260,260,260,260,260
GET,/api/session/report/00863664-d1e1-4b50-9c86-56243b666946,1,0,420.39199999999255,420.39199999999255,420.39199999999255,420.39199999999255,5421.0,0.016690510002255004,0.0,420,420,420,420,420,420,420,420,420,420,420
GET,/api/session/report/011159fd-7412-4870-aa7d-78917c3273d6,1,0,126.67320000764448,126.67320000764448,126.67320000764448,126.67320000764448,3055.0,0.016690510002255004,0.0,130,130,130,130,130,130,130,130,130,130,130
GET,/api/session/report/01ac0b83-22e3-4154-9a20-b15835e0f2ff,1,0,150.07259999401867,150.07259999401867,150.07259999401867,150.07259999401867,4260.0,0.016690510002255004,0.0,150,150,150,150,150,150,150,150,150,150,150
GET,/api/session/report/02fa7366-834b-4eca-a6d5-0d6af5b39f54,1,0,230.5625000008149,230.5625000008149,230.5625000008149,230.5625000008149,5408.0,0.016690510002255004,0.0,230,230,230,230,230,230,230,230,230,230,230
GET,/api/session/report/0337462d-ffd8-4e21-9380-2923d6f7e7f6,1,0,286.9161999988137,286.9161999988137,286.9161999988137,286.9161999988137,3875.0,0.016690510002255004,0.0,290,290,290,290,290,290,290,290,290,290,290
GET,/api/session/report/0636cf92-b753-478f-9c09-3afbdeda56d0,1,1,259.09730000421405,259.09730000421405,259.09730000421405,259.09730000421405,21.0,0.016690510002255004,0.016690510002255004,260,260,260,260,260,260,260,260,260,260,260
GET,/api/session/report/0681f41c-b8c8-4c83-809a-6579c1ae618c,1,0,51.744500000495464,51.744500000495464,51.744500000495464,51.744500000495464,4275.0,0.016690510002255004,0.0,52,52,52,52,52,52,52,52,52,52,52
GET,/api/session/report/086194b6-31b2-41df-be78-9644e269e73b,1,1,254.96809999458492,254.96809999458492,254.96809999458492,254.96809999458492,21.0,0.016690510002255004,0.016690510002255004,250,250,250,250,250,250,250,250,250,250,250
GET,/api/session/report/0a80167c-701f-4d08-a7ba-2a9d753e85ac,1,0,234.25619999761693,234.25619999761693,234.25619999761693,234.25619999761693,5388.0,0.016690510002255004,0.0,230,230,230,230,230,230,230,230,230,230,230
GET,/api/session/report/0d328dee-f954-4c01-b425-388c0a20e8e0,1,0,477.9019999987213,477.9019999987213,477.9019999987213,477.9019999987213,5053.0,0.016690510002255004,0.0,480,480,480,480,480,480,480,480,480,480,480
GET,/api/session/report/0e9c21c0-4a15-498e-8096-00e9fd3beb76,1,0,44.6455000055721,44.6455000055721,44.6455000055721,44.6455000055721,2815.0,0.016690510002255004,0.0,45,45,45,45,45,45,45,45,45,45,45
GET,/api/session/report/1090f67e-26c4-4df7-9eed-cc038cfdebe0,1,0,65.65729998692404,65.65729998692404,65.65729998692404,65.65729998692404,1335.0,0.016690510002255004,0.0,66,66,66,66,66,66,66,66,66,66,66
GET,/api/session/report/11772123-994d-40b9-ba03-ce0577194f7e,1,0,217.62450000096578,217.62450000096578,217.62450000096578,217.62450000096578,4858.0,0.016690510002255004,0.0,220,220,220,220,220,220,220,220,220,220,220
GET,/api/session/report/12f6845d-8039-4936-9357-52b876a4ce92,1,1,5252.897999991546,5252.897999991546,5252.897999991546,5252.897999991546,21.0,0.016690510002255004,0.016690510002255004,5300,5300,5300,5300,5300,5300,5300,5300,5300,5300,5300
GET,/api/session/report/14438e33-c729-4337-8b82-e64e1598cc01,1,1,255.84949999756645,255.84949999756645,255.84949999756645,255.84949999756645,21.0,0.016690510002255004,0.016690510002255004,260,260,260,260,260,260,260,260,260,260,260
GET,/api/session/report/14c628de-a3ce-4bd0-bd46-22a65e26a408,1,0,425.4668000066886,425.4668000066886,425.4668000066886,425.4668000066886,5931.0,0.016690510002255004,0.0,430,430,430,430,430,430,430,430,430,430,430
GET,/api/session/report/1537d9e8-df7f-4dd2-a42c-d02c9a2eace4,1,0,2526.5428999991855,2526.5428999991855,2526.5428999991855,2526.5428999991855,5305.0,0.016690510002255004,0.0,2500,2500,2500,2500,2500,2500,2500,2500,2500,2500,2500
GET,/api/session/report/162572a6-82f4-40bb-baf2-88daa405bede,1,0,267.954999988433,267.954999988433,267.954999988433,267.954999988433,1335.0,0.016690510002255004,0.0,270,270,270,270,270,270,270,270,270,270,270
GET,/api/session/report/1792db41-6dd1-469a-9d0c-effec8ab49ea,1,0,1183.5644999955548,1183.5644999955548,1183.5644999955548,1183.5644999955548,1335.0,0.016690510002255004,0.0,1200,1200,1200,1200,1200,1200,1200,1200,1200,1200,1200
GET,/api/session/report/1899d50e-f4d8-435b-9434-a333aa14bf9f,1,0,451.9008000061149,451.9008000061149,451.9008000061149,451.9008000061149,5062.0,0.016690510002255004,0.0,450,450,450,450,450,450,450,450,450,450,450
GET,/api/session/report/19dc4336-2b3d-451c-a1fd-039e7ca4665f,1,1,255.4896999936318,255.4896999936318,255.4896999936318,255.4896999936318,21.0,0.016690510002255004,0.016690510002255004,260,260,260,260,260,260,260,260,260,260,260
GET,/api/session/report/1c5a853c-4e8b-4964-85d1-a7b31e9ff04d,1,0,468.261199988774,468.261199988774,468.261199988774,468.261199988774,5280.0,0.016690510002255004,0.0,470,470,470,470,470,470,470,470,470,470,470
GET,/api/session/report/1fd6532d-615c-4276-9ad6-6a1460235e72,1,0,731.8798000051174,731.8798000051174,731.8798000051174,731.8798000051174,6141.0,0.016690510002255004,0.0,730,730,730,730,730,730,730,730,730,730,730
GET,/api/session/report/20f3ff98-589f-475d-9976-67696c0e1384,1,1,255.19680000434164,255.19680000434164,255.19680000434164,255.19680000434164,21.0,0.016690510002255004,0.016690510002255004,260,260,260,260,260,260,260,260,260,260,260
GET,/api/session/report/21cd0c6e-dffb-4f6d-b4b5-a8f230d4d104,1,0,513.2770999916829,513.2770999916829,513.2770999916829,513.2770999916829,5264.0,0.016690510002255004,0.0,510,510,510,510,510,510,510,510,510,510,510
GET,/api/session/report/22df72d4-67a4-40ed-86c8-afff89731f89,1,0,276.5147000027355,276.5147000027355,276.5147000027355,276.5147000027355,4276.0,0.016690510002255004,0.0,280,280,280,280,280,280,280,280,280,280,280
GET,/api/session/report/23a95649-71c2-4392-91c5-f63fd1a1cb9f,1,0,102.28940000524744,102.28940000524744,102.28940000524744,102.28940000524744,6510.0,0.016690510002255004,0.0,100,100,100,100,100,100,100,100,100,100,100
GET,/api/session/report/25c73b58-5419-4264-82b3-1828849379af,1,0,284.2235999996774,284.2235999996774,284.2235999996774,284.2235999996774,4779.0,0.016690510002255004,0.0,280,280,280,280,280,280,280,280,280,280,280
GET,/api/session/report/2868a872-b8c4-4903-8797-728fdcc26611,1,1,259.30639999569394,259.30639999569394,259.30639999569394,259.30639999569394,21.0,0.016690510002255004,0.016690510002255004,260,260,260,260,260,260,260,260,260,260,260
GET,/api/session/report/28e21190-8f27-49db-a791-03d28729d1a1,1,1,260.7865000027232,260.7865000027232,260.7865000027232,260.7865000027232,21.0,0.016690510002255004,0.016690510002255004,260,260,260,260,260,260,260,260,260,260,260
GET,/api/session/report/2e41b4be-0e27-4d2a-9a8f-c376884279e2,1,0,567.8252999932738,567.8252999932738,567.8252999932738,567.8252999932738,6303.0,0.016690510002255004,0.0,570,570,570,570,570,570,570,570,570,570,570
GET,/api/session/report/30e6257a-9fb3-485b-b663-75daf8c91b0e,1,0,76.80219999747351,76.80219999747351,76.80219999747351,76.80219999747351,4103.0,0.016690510002255004,0.0,77,77,77,77,77,77,77,77,77,77,77
GET,/api/session/report/30f56919-8f16-4ef9-aae3-6834b2e535c1,1,0,1079.7928999963915,1079.7928999963915,1079.7928999963915,1079.7928999963915,5405.0,0.016690510002255004,0.0,1100,1100,1100,1100,1100,1100,1100,1100,1100,1100,1100
GET,/api/session/report/3296c0a2-95a9-4b7d-84c9-2dd7d62c8406,1,0,824.2196000064723,824.2196000064723,824.2196000064723,824.2196000064723,6448.0,0.016690510002255004,0.0,820,820,820,820,820,820,820,820,820,820,820
GET,/api/session/report/3376e24a-81a3-4f76-8f38-f177a112df0e,1,0,57.473799999570474,57.473799999570474,57.473799999570474,57.473799999570474,5289.0,0.016690510002255004,0.0,57,57,57,57,57,57,57,57,57,57,57
GET,/api/session/report/337bd464-16e2-434c-bcad-3504f25fb4f5,1,0,85.67889999540057,85.67889999540057,85.67889999540057,85.67889999540057,2468.0,0.016690510002255004,0.0,86,86,86,86,86,86,86,86,86,86,86
GET,/api/session/report/3527dff2-6220-475f-b2f9-abadef575671,1,0,37.71930000220891,37.71930000220891,37.71930000220891,37.71930000220891,3732.0,0.016690510002255004,0.0,38,38,38,38,38,38,38,38,38,38,38
GET,/api/session/report/35440233-e99a-4673-9b52-41746d5cc563,1,0,428.0581000057282,428.0581000057282,428.0581000057282,428.0581000057282,6168.0,0.016690510002255004,0.0,430,430,430,430,430,430,430,430,430,430,430
GET,/api/session/report/364f02f4-81b5-4948-bd54-532b23339ac2,1,0,57.449100000667386,57.449100000667386,57.449100000667386,57.449100000667386,5785.0,0.016690510002255004,0.0,57,57,57,57,57,57,57,57,57,57,57
GET,/api/session/report/37a5961e-2e94-4415-b715-5bbf3f6f7ee6,1,0,2018.2594000070821,2018.2594000070821,2018.2594000070821,2018.2594000070821,6167.0,0.016690510002255004,0.0,2000,2000,2000,2000,2000,2000,2000,2000,2000,2000,2000
GET,/api/session/report/38c46ad5-059d-43ad-976f-291373e734f2,1,0,395.6627000006847,395.6627000006847,395.6627000006847,395.6627000006847,5428.0,0.016690510002255004,0.0,400,400,400,400,400,400,400,400,400,400,400
GET,/api/session/report/3d2336c7-e7ba-42cb-bfb2-05bd2771d98f,1,0,207.07479999691714,207.07479999691714,207.07479999691714,207.07479999691714,4579.0,0.016690510002255004,0.0,210,210,210,210,210,210,210,210,210,210,210
GET,/api/session/report/3efaaba5-2fff-481a-8c9e-40c2b4950461,1,0,433.4337000036612,433.4337000036612,433.4337000036612,433.4337000036612,5504.0,0.016690510002255004,0.0,430,430,430,430,430,430,430,430,430,430,430
GET,/api/session/report/417ec4b5-ea65-42c8-836b-e1aa1780f285,1,0,211.5302000020165,211.5302000020165,211.5302000020165,211.5302000020165,1335.0,0.016690510002255004,0.0,210,210,210,210,210,210,210,210,210,210,210
GET,/api/session/report/41a9cc28-35f4-4acb-9805-f6357cc76b9c,1,1,256.9914999912726,256.9914999912726,256.9914999912726,256.9914999912726,21.0,0.016690510002255004,0.016690510002255004,260,260,260,260,260,260,260,260,260,260,260
GET,/api/session/report/43f31020-2364-4f9e-b362-113cb62c645f,1,0,72.2550000064075,72.2550000064075,72.2550000064075,72.2550000064075,3507.0,0.016690510002255004,0.0,72,72,72,72,72,72,72,72,72,72,72
GET,/api/session/report/44789264-d557-4379-8d47-87b52d545267,1,0,697.1009999979287,697.1009999979287,697.1009999979287,697.1009999979287,5621.0,0.016690510002255004,0.0,700,700,700,700,700,700,700,700,700,700,700
GET,/api/session/report/45d03e0b-4439-4486-9c88-d8c0a35f2f6e,1,0,20.341299998108298,20.341299998108298,20.341299998108298,20.341299998108298,1335.0,0.016690510002255004,0.0,20,20,20,20,20,20,20,20,20,20,20
GET,/api/session/report/45f5d075-9d02-4144-946b-24a57ae6671b,1,0,366.7522000032477,366.7522000032477,366.7522000032477,366.7522000032477,6662.0,0.016690510002255004,0.0,370,370,370,370,370,370,370,370,370,370,370
GET,/api/session/report/477973f6-ebcf-40ba-8ac5-5e75283a893e,1,0,1644.6720999956597,1644.6720999956597,1644.6720999956597,1644.6720999956597,5385.0,0.016690510002255004,0.0,1600,1600,1600,1600,1600,1600,1600,1600,1600,1600,1600
GET,/api/session/report/47a45731-c416-4196-b5e2-fdb424e1cdc3,1,0,268.1546999956481,268.1546999956481,268.1546999956481,268.1546999956481,3809.0,0.016690510002255004,0.0,270,270,270,270,270,270,270,270,270,270,270
GET,/api/session/report/4b44fe57-be8e-43c0-96d4-669af7668fd7,1,1,444.809599997825,444.809599997825,444.809599997825,444.809599997825,21.0,0.016690510002255004,0.016690510002255004,440,440,440,440,440,440,440,440,440,440,440
GET,/api/session/report/4e0d8ccb-850e-44e3-9f0d-7eaef2802dfb,1,0,179.4775999878766,179.4775999878766,179.4775999878766,179.4775999878766,5797.0,0.016690510002255004,0.0,180,180,180,180,180,180,180,180,180,180,180
GET,/api/session/report/4e2d7016-c4b3-4d33-9f45-cf704591ce41,1,1,256.7430999915814,256.7430999915814,256.7430999915814,256.7430999915814,21.0,0.016690510002255004,0.016690510002255004,260,260,260,260,260,260,260,260,260,260,260
GET,/api/session/report/4fcf08b0-b332-49ab-834a-236d99e064a5,1,0,68.34249998792075,68.34249998792075,68.34249998792075,68.34249998792075,2068.0,0.016690510002255004,0.0,68,68,68,68,68,68,68,68,68,68,68
GET,/api/session/report/511a0cfe-e4ec-4621-a035-53519600241e,1,0,1152.0128000120167,1152.0128000120167,1152.0128000120167,1152.0128000120167,3997.0,0.016690510002255004,0.0,1200,1200,1200,1200,1200,1200,1200,1200,1200,1200,1200
GET,/api/session/report/529dbd3e-5a96-4060-8290-25a675f25613,1,0,347.59060000942554,347.59060000942554,347.59060000942554,347.59060000942554,3360.0,0.016690510002255004,0.0,350,350,350,350,350,350,350,350,350,350,350
GET,/api/session/report/542bfc2d-e757-41a0-ad13-bd6aeac1f265,1,0,1475.3423999936786,1475.3423999936786,1475.3423999936786,1475.3423999936786,6297.0,0.016690510002255004,0.0,1500,1500,1500,1500,1500,1500,1500,1500,1500,1500,1500
GET,/api/session/report/55065c61-0ad3-409a-8e1b-f12ebc264dc5,1,0,263.6266000044998,263.6266000044998,263.6266000044998,263.6266000044998,2068.0,0.016690510002255004,0.0,260,260,260,260,260,260,260,260,260,260,260
GET,/api/session/report/5789161a-50a6-4f65-94e4-7b22a4883698,1,0,1267.1403999993345,1267.1403999993345,1267.1403999993345,1267.1403999993345,5419.0,0.016690510002255004,0.0,1300,1300,1300,1300,1300,1300,1300,1300,1300,1300,1300
GET,/api/session/report/57df1af9-81a4-4420-afd9-ed7c99f3ce42,1,0,261.97819999651983,261.97819999651983,261.97819999651983,261.97819999651983,5871.0,0.016690510002255004,0.0,260,260,260,260,260,260,260,260,260,260,260
GET,/api/session/report/59456467-0cbb-4043-9396-2177d5a21d9a,1,0,413.208099998883,413.208099998883,413.208099998883,413.208099998883,3992.0,0.016690510002255004,0.0,410,410,410,410,410,410,410,410,410,410,410
GET,/api/session/report/5a517366-1b36-4d81-a47d-a208cdf30552,1,0,51.090100008877926,51.090100008877926,51.090100008877926,51.090100008877926,1986.0,0.016690510002255004,0.0,51,51,51,51,51,51,51,51,51,51,51
GET,/api/session/report/5bd41a0d-7774-486e-ae1a-ae9a77b0cc91,1,0,170.69109999283683,170.69109999283683,170.69109999283683,170.69109999283683,3302.0,0.016690510002255004,0.0,170,170,170,170,170,170,170,170,170,170,170
GET,/api/session/report/5cbc8d69-6640-4887-80f4-61285d0453c3,1,0,226.97299999708775,226.97299999708775,226.97299999708775,226.97299999708775,6549.0,0.016690510002255004,0.0,230,230,230,230,230,230,230,230,230,230,230
GET,/api/session/report/5d78f548-4a5b-4740-b119-38206546ee31,1,0,421.4279000007082,421.4279000007082,421.4279000007082,421.4279000007082,2103.0,0.016690510002255004,0.0,420,420,420,420,420,420,420,420,420,420,420
GET,/api/session/report/5e18034d-7088-4350-83bf-c504572b0ecf,1,0,76.90749999892432,76.90749999892432,76.90749999892432,76.90749999892432,1335.0,0.016690510002255004,0.0,77,77,77,77,77,77,77,77,77,77,77
GET,/api/session/report/5ecf22c7-6d56-4ad2-b10e-dc2bd696ae21,1,0,312.4065000010887,312.4065000010887,312.4065000010887,312.4065000010887,5563.0,0.016690510002255004,0.0,310,310,310,310,310,310,310,310,310,310,310
GET,/api/session/report/610a015e-c69c-4b1f-aea9-f376a05c2543,1,0,96.23189999547321,96.23189999547321,96.23189999547321,96.23189999547321,4507.0,0.016690510002255004,0.0,96,96,96,96,96,96,96,96,96,96,96
GET,/api/session/report/6276d198-d9b5-482f-8235-a0ca72b7a8a3,1,0,280.1612000039313,280.1612000039313,280.1612000039313,280.1612000039313,6291.0,0.016690510002255004,0.0,280,280,280,280,280,280,280,280,280,280,280
GET,/api/session/report/6523579e-5924-4e73-8590-dd005b04379a,1,0,42.66310000093654,42.66310000093654,42.66310000093654,42.66310000093654,5084.0,0.016690510002255004,0.0,43,43,43,43,43,43,43,43,43,43,43
GET,/api/session/report/65e3a9a2-31fc-46c6-9328-8049a8d4c3e2,1,0,1060.277299999143,1060.277299999143,1060.277299999143,1060.277299999143,6326.0,0.016690510002255004,0.0,1100,1100,1100,1100,1100,1100,1100,1100,1100,1100,1100
GET,/api/session/report/672e39af-e8d8-443d-add3-8fe233c28059,1,0,554.6316999971168,554.6316999971168,554.6316999971168,554.6316999971168,6546.0,0.016690510002255004,0.0,550,550,550,550,550,550,550,550,550,550,550
GET,/api/session/report/679c2a7f-7de1-4028-9bba-69d2bda9e886,1,0,244.72050000622403,244.72050000622403,244.72050000622403,244.72050000622403,5412.0,0.016690510002255004,0.0,240,240,240,240,240,240,240,240,240,240,240
GET,/api/session/report/69902972-6985-4603-8b91-1884a5f791bd,1,0,694.6935000014491,694.6935000014491,694.6935000014491,694.6935000014491,5369.0,0.016690510002255004,0.0,690,690,690,690,690,690,690,690,690,690,690
GET,/api/session/report/69cf8668-7130-4542-9afa-fdd52e0da389,1,0,1343.4467999904882,1343.4467999904882,1343.4467999904882,1343.4467999904882,6306.0,0.016690510002255004,0.0,1300,1300,1300,1300,1300,1300,1300,1300,1300,1300,1300
GET,/api/session/report/6a9006a9-4541-4ffe-9473-dbb1796381ae,1,1,256.41479999467265,256.41479999467265,256.41479999467265,256.41479999467265,21.0,0.016690510002255004,0.016690510002255004,260,260,260,260,260,260,260,260,260,260,260
GET,/api/session/report/6d9f8f18-2406-4094-8ff8-f32d61f3da03,1,0,613.703600000008,613.703600000008,613.703600000008,613.703600000008,5428.0,0.016690510002255004,0.0,610,610,610,610,610,610,610,610,610,610,610
GET,/api/session/report/6f7620b2-616e-4ad1-ad9b-dddd72cb7931,1,0,217.3758999997517,217.3758999997517,217.3758999997517,217.3758999997517,4909.0,0.016690510002255004,0.0,220,220,220,220,220,220,220,220,220,220,220
GET,/api/session/report/7137a24a-84df-4927-912b-72298032e4fd,1,0,80.8509999915259,80.8509999915259,80.8509999915259,80.8509999915259,6405.0,0.016690510002255004,0.0,81,81,81,81,81,81,81,81,81,81,81
GET,/api/session/report/7167275d-0f49-415b-8217-eab3109ebf4b,1,0,175.56629999307916,175.56629999307916,175.56629999307916,175.56629999307916,5558.0,0.016690510002255004,0.0,180,180,180,180,180,180,180,180,180,180,180
GET,/api/session/report/7570fd88-8e30-4fe9-91e5-3d94c29ee8a2,1,0,84.32840000023134,84.32840000023134,84.32840000023134,84.32840000023134,3596.0,0.016690510002255004,0.0,84,84,84,84,84,84,84,84,84,84,84
GET,/api/session/report/75b93bde-f01a-41ec-8261-c1f52d66944c,1,0,588.7075000064215,588.7075000064215,588.7075000064215,588.7075000064215,6044.0,0.016690510002255004,0.0,590,590,590,590,590,590,590,590,590,590,590
GET,/api/session/report/76ad028d-0278-40fe-8126-50e71650d382,1,0,484.6525000029942,484.6525000029942,484.6525000029942,484.6525000029942,5249.0,0.016690510002255004,0.0,480,480,480,480,480,480,480,480,480,480,480
GET,/api/session/report/77240785-f170-4696-a0a5-c4c41cad91aa,1,0,26.265299995429814,26.265299995429814,26.265299995429814,26.265299995429814,1335.0,0.016690510002255004,0.0,26,26,26,26,26,26,26,26,26,26,26
GET,/api/session/report/773092de-35ae-41ec-91fd-8c963e72fdda,1,0,140.16779999656137,140.16779999656137,140.16779999656137,140.16779999656137,2921.0,0.016690510002255004,0.0,140,140,140,140,140,140,140,140,140,140,140
GET,/api/session/report/77a135d9-abd4-484e-8d25-259ca9ce9c28,1,0,291.7329000047175,291.7329000047175,291.7329000047175,291.7329000047175,5504.0,0.016690510002255004,0.0,290,290,290,290,290,290,290,290,290,290,290
GET,/api/session/report/79d8bbc2-4dd0-4b56-b325-67f9196b0a59,1,0,247.86079999466892,247.86079999466892,247.86079999466892,247.86079999466892,4340.0,0.016690510002255004,0.0,250,250,250,250,250,250,250,250,250,250,250
GET,/api/session/report/7a9f7efb-8e3a-4477-983b-a08d4d396b90,1,0,386.76229999691714,386.76229999691714,386.76229999691714,386.76229999691714,4787.0,0.016690510002255004,0.0,390,390,390,390,390,390,390,390,390,390,390
GET,/api/session/report/7d74cf8a-1810-448a-ab3d-47d83e5e46ec,1,0,85.53779999783728,85.53779999783728,85.53779999783728,85.53779999783728,1335.0,0.016690510002255004,0.0,86,86,86,86,86,86,86,86,86,86,86
GET,/api/session/report/7f00ba49-d88a-4a5e-aa61-bbe6be9897be,1,0,118.59220000042114,118.59220000042114,118.59220000042114,118.59220000042114,1986.0,0.016690510002255004,0.0,120,120,120,120,120,120,120,120,120,120,120
GET,/api/session/report/82d003b3-3fe5-46d9-bd08-d0a9a9822dbc,1,0,1004.8002000112319,1004.8002000112319,1004.8002000112319,1004.8002000112319,5512.0,0.016690510002255004,0.0,1000,1000,1000,1000,1000,1000,1000,1000,1000,1000,1000
GET,/api/session/report/8696a17c-8354-4570-be91-4ac87519c53c,1,0,2347.899400003371,2347.899400003371,2347.899400003371,2347.899400003371,6303.0,0.016690510002255004,0.0,2300,2300,2300,2300,2300,2300,2300,2300,2300,2300,2300
GET,/api/session/report/8941c832-03a5-4d8c-9c19-f3b632a7d8ed,1,0,149.6406000078423,149.6406000078423,149.6406000078423,149.6406000078423,4423.0,0.016690510002255004,0.0,150,150,150,150,150,150,150,150,150,150,150
GET,/api/session/report/89da3439-e6d2-4952-8798-835e27fe872b,1,0,348.19319999951404,348.19319999951404,348.19319999951404,348.19319999951404,5421.0,0.016690510002255004,0.0,350,350,350,350,350,350,350,350,350,350,350
GET,/api/session/report/8ad2d696-712d-468f-8510-213e8f7df7a4,1,0,207.2792999970261,207.2792999970261,207.2792999970261,207.2792999970261,4555.0,0.016690510002255004,0.0,210,210,210,210,210,210,210,210,210,210,210
GET,/api/session/report/8c16fbf4-fa03-4ffc-b7b7-2f1126f0ec47,1,1,270.90630000748206,270.90630000748206,270.90630000748206,270.90630000748206,21.0,0.016690510002255004,0.016690510002255004,270,270,270,270,270,270,270,270,270,270,270
GET,/api/session/report/8c45ecee-fd23-4ffc-939a-0e76ff0d4da9,1,0,1239.0768000041135,1239.0768000041135,1239.0768000041135,1239.0768000041135,5282.0,0.016690510002255004,0.0,1200,1200,1200,1200,1200,1200,1200,1200,1200,1200,1200
GET,/api/session/report/8ca0f5b1-35b2-4f37-82d7-17ef6bc227c7,1,0,206.3826999947196,206.3826999947196,206.3826999947196,206.3826999947196,3320.0,0.016690510002255004,0.0,210,210,210,210,210,210,210,210,210,210,210
GET,/api/session/report/901a812c-5c21-425a-8593-3f0bc143d9e0,1,1,266.51839999249205,266.51839999249205,266.51839999249205,266.51839999249205,21.0,0.016690510002255004,0.016690510002255004,270,270,270,270,270,270,270,270,270,270,270
GET,/api/session/report/912147e9-d526-4128-a06d-6ac6b3bae9e6,1,0,214.73980000882875,214.73980000882875,214.73980000882875,214.73980000882875,6278.0,0.016690510002255004,0.0,210,210,210,210,210,210,210,210,210,210,210
GET,/api/session/report/915f06f5-1655-4120-98b7-e406ae9e06c0,1,0,939.743399998406,939.743399998406,939.743399998406,939.743399998406,4543.0,0.016690510002255004,0.0,940,940,940,940,940,940,940,940,940,940,940
GET,/api/session/report/91664100-ab49-4130-bcc7-1d85bfb4e0d9,1,0,459.42560001276433,459.42560001276433,459.42560001276433,459.42560001276433,1335.0,0.016690510002255004,0.0,460,460,460,460,460,460,460,460,460,460,460
GET,/api/session/report/92786a1d-d729-46f1-a6c0-ef233d5fbdeb,1,0,249.3354000034742,249.3354000034742,249.3354000034742,249.3354000034742,6325.0,0.016690510002255004,0.0,250,250,250,250,250,250,250,250,250,250,250
GET,/api/session/report/93f0e26c-425c-42e2-901c-50e669c572e9,1,0,550.0202999974135,550.0202999974135,550.0202999974135,550.0202999974135,5413.0,0.016690510002255004,0.0,550,550,550,550,550,550,550,550,550,550,550
GET,/api/session/report/9589a8d5-3f42-487f-983a-f3da686ea3e0,1,0,42.73220000322908,42.73220000322908,42.73220000322908,42.73220000322908,1335.0,0.016690510002255004,0.0,43,43,43,43,43,43,43,43,43,43,43
GET,/api/session/report/9674871e-1664-42cd-8471-67f859dfc1cb,1,0,914.8805000004359,914.8805000004359,914.8805000004359,914.8805000004359,5185.0,0.016690510002255004,0.0,910,910,910,910,910,910,910,910,910,910,910
GET,/api/session/report/992344c7-9f37-44f7-9e5e-0a393028fced,1,0,145.95019999251235,145.95019999251235,145.95019999251235,145.95019999251235,1335.0,0.016690510002255004,0.0,150,150,150,150,150,150,150,150,150,150,150
GET,/api/session/report/9a3c0ad7-e4b1-4bb0-b957-9e07b47c3352,1,0,87.34699999331497,87.34699999331497,87.34699999331497,87.34699999331497,4275.0,0.016690510002255004,0.0,87,87,87,87,87,87,87,87,87,87,87
GET,/api/session/report/9be5371c-f497-45be-ae78-490befc3efce,1,0,574.040799998329,574.040799998329,574.040799998329,574.040799998329,6432.0,0.016690510002255004,0.0,570,570,570,570,570,570,570,570,570,570,570
GET,/api/session/report/9ca4935c-de53-4a74-b921-2f7ee575dd95,1,0,405.5456000060076,405.5456000060076,405.5456000060076,405.5456000060076,5415.0,0.016690510002255004,0.0,410,410,410,410,410,410,410,410,410,410,410
GET,/api/session/report/9d59665e-9d29-4217-9db5-550dba6b178c,1,0,313.7562999909278,313.7562999909278,313.7562999909278,313.7562999909278,5290.0,0.016690510002255004,0.0,310,310,310,310,310,310,310,310,310,310,310
GET,/api/session/report/9dfbd59b-ef1a-41b0-9b89-fb60ea988d2f,1,0,477.6901999866823,477.6901999866823,477.6901999866823,477.6901999866823,6184.0,0.016690510002255004,0.0,480,480,480,480,480,480,480,480,480,480,480
GET,/api/session/report/a36aa3fc-efae-4e32-9b39-59d61145c270,1,0,974.9467999936314,974.9467999936314,974.9467999936314,974.9467999936314,5184.0,0.016690510002255004,0.0,970,970,970,970,970,970,970,970,970,970,970
GET,/api/session/report/a57b94bf-86b1-4dbc-a982-8a878e020598,1,0,321.144200002891,321.144200002891,321.144200002891,321.144200002891,4781.0,0.016690510002255004,0.0,320,320,320,320,320,320,320,320,320,320,320
GET,/api/session/report/a5c6cd05-9f55-4017-90de-d06c36a091d9,1,0,190.96229999559,190.96229999559,190.96229999559,190.96229999559,5034.0,0.016690510002255004,0.0,190,190,190,190,190,190,190,190,190,190,190
GET,/api/session/report/a5ca0db3-bea5-48a1-8a2c-554e7da59589,1,0,1509.4153999962145,1509.4153999962145,1509.4153999962145,1509.4153999962145,5194.0,0.016690510002255004,0.0,1500,1500,1500,1500,1500,1500,1500,1500,1500,1500,1500
GET,/api/session/report/a641079a-c14f-41c1-b52d-7ecc78de0a3d,1,0,464.9342000047909,464.9342000047909,464.9342000047909,464.9342000047909,1335.0,0.016690510002255004,0.0,460,460,460,460,460,460,460,460,460,460,460
GET,/api/session/report/a673956d-0768-41e8-8337-86f8fa9ca7cc,1,0,340.9949999913806,340.9949999913806,340.9949999913806,340.9949999913806,5404.0,0.016690510002255004,0.0,340,340,340,340,340,340,340,340,340,340,340
GET,/api/session/report/a8cf03d1-c1ec-4532-ba93-92b505c52798,1,1,257.9585000057705,257.9585000057705,257.9585000057705,257.9585000057705,21.0,0.016690510002255004,0.016690510002255004,260,260,260,260,260,260,260,260,260,260,260
GET,/api/session/report/ac6a6110-5152-462f-aa97-77ff04aad378,1,0,124.15620000683703,124.15620000683703,124.15620000683703,124.15620000683703,4655.0,0.016690510002255004,0.0,120,120,120,120,120,120,120,120,120,120,120
GET,/api/session/report/acb56d74-8bb6-415d-95fb-6c6b0cc096b5,1,0,861.5395999950124,861.5395999950124,861.5395999950124,861.5395999950124,3360.0,0.016690510002255004,0.0,860,860,860,860,860,860,860,860,860,860,860
GET,/api/session/report/adcb5d35-63c2-4136-bf4e-a7cad55329ba,1,0,241.18340000859462,241.18340000859462,241.18340000859462,241.18340000859462,5658.0,0.016690510002255004,0.0,240,240,240,240,240,240,240,240,240,240,240
GET,/api/session/report/b1073f25-1d38-4590-bf97-2c6bbbca66c3,1,1,260.60100000177044,260.60100000177044,260.60100000177044,260.60100000177044,21.0,0.016690510002255004,0.016690510002255004,260,260,260,260,260,260,260,260,260,260,260
GET,/api/session/report/b163fe30-ddb1-481e-b5de-b878fa3f6f05,1,1,265.0403000006918,265.0403000006918,265.0403000006918,265.0403000006918,21.0,0.016690510002255004,0.016690510002255004,270,270,270,270,270,270,270,270,270,270,270
GET,/api/session/report/b2481168-8fff-4e93-90e6-30e34ff81273,1,0,523.5137999989092,523.5137999989092,523.5137999989092,523.5137999989092,4778.0,0.016690510002255004,0.0,520,520,520,520,520,520,520,520,520,520,520
GET,/api/session/report/b3772ae2-0cb9-4dd1-bf81-8bf2d8389044,1,0,831.1558999994304,831.1558999994304,831.1558999994304,831.1558999994304,6312.0,0.016690510002255004,0.0,830,830,830,830,830,830,830,830,830,830,830
GET,/api/session/report/b4016cf4-a3e2-48f8-b21a-86b08fc45231,1,0,1222.7491999947233,1222.7491999947233,1222.7491999947233,1222.7491999947233,5181.0,0.016690510002255004,0.0,1200,1200,1200,1200,1200,1200,1200,1200,1200,1200,1200
GET,/api/session/report/b4547410-5888-4a63-811d-3d69da4c5a0c,1,0,196.2995000067167,196.2995000067167,196.2995000067167,196.2995000067167,5283.0,0.016690510002255004,0.0,200,200,200,200,200,200,200,200,200,200,200
GET,/api/session/report/b5943e88-a4ec-4a2a-bafc-fe450dde77f9,1,0,185.26840000413358,185.26840000413358,185.26840000413358,185.26840000413358,1335.0,0.016690510002255004,0.0,190,190,190,190,190,190,190,190,190,190,190
GET,/api/session/report/b75ad332-db84-44f4-98d0-87a42347e4bc,1,0,676.6585000004852,676.6585000004852,676.6585000004852,676.6585000004852,6300.0,0.016690510002255004,0.0,680,680,680,680,680,680,680,680,680,680,680
GET,/api/session/report/b8b2c1dd-847a-4dc5-af08-88a00588ceb5,1,0,230.04570000921376,230.04570000921376,230.04570000921376,230.04570000921376,5381.0,0.016690510002255004,0.0,230,230,230,230,230,230,230,230,230,230,230
GET,/api/session/report/b9724a1a-77ea-48bc-bcf2-50b9b771bc55,1,0,215.72870000090916,215.72870000090916,215.72870000090916,215.72870000090916,4774.0,0.016690510002255004,0.0,220,220,220,220,220,220,220,220,220,220,220
GET,/api/session/report/b9e74644-c6d4-46bb-a7ae-2a1a10b53f8f,1,0,76.55840000370517,76.55840000370517,76.55840000370517,76.55840000370517,3720.0,0.016690510002255004,0.0,77,77,77,77,77,77,77,77,77,77,77
GET,/api/session/report/b9e7cb28-a84a-408b-93af-9c9cf473eb99,1,0,88.8359000091441,88.8359000091441,88.8359000091441,88.8359000091441,2469.0,0.016690510002255004,0.0,89,89,89,89,89,89,89,89,89,89,89
GET,/api/session/report/bac30f03-5069-482f-89ee-b78bdaaef500,1,0,321.80390000576153,321.80390000576153,321.80390000576153,321.80390000576153,6318.0,0.016690510002255004,0.0,320,320,320,320,320,320,320,320,320,320,320
GET,/api/session/report/c008bc3f-e3e6-4280-9ba9-1f80b3f45233,1,0,1490.6996000063373,1490.6996000063373,1490.6996000063373,1490.6996000063373,5417.0,0.016690510002255004,0.0,1500,1500,1500,1500,1500,1500,1500,1500,1500,1500,1500
GET,/api/session/report/c0b47256-f3ba-4100-9290-01b5a2c7f224,1,1,254.64879999344703,254.64879999344703,254.64879999344703,254.64879999344703,21.0,0.016690510002255004,0.016690510002255004,250,250,250,250,250,250,250,250,250,250,250
GET,/api/session/report/c0c3ee5e-081a-4cf6-b03c-e37b0af4ee7d,1,1,255.72319999628235,255.72319999628235,255.72319999628235,255.72319999628235,21.0,0.016690510002255004,0.016690510002255004,260,260,260,260,260,260,260,260,260,260,260
GET,/api/session/report/c2846087-f65b-4354-b5fe-9606364f2fa5,1,0,900.5048999970313,900.5048999970313,900.5048999970313,900.5048999970313,4945.0,0.016690510002255004,0.0,900,900,900,900,900,900,900,900,900,900,900
GET,/api/session/report/c32bf959-19af-4ade-832c-7ba167b88295,1,0,428.27209999086335,428.27209999086335,428.27209999086335,428.27209999086335,1868.0,0.016690510002255004,0.0,430,430,430,430,430,430,430,430,430,430,430
GET,/api/session/report/c3668093-c6bb-4153-847a-00b91ec86b34,1,0,2091.065400003572,2091.065400003572,2091.065400003572,2091.065400003572,5392.0,0.016690510002255004,0.0,2100,2100,2100,2100,2100,2100,2100,2100,2100,2100,2100
GET,/api/session/report/c3a600a7-bcb3-4640-a455-d6ed83a070dc,1,0,450.92759998806287,450.92759998806287,450.92759998806287,450.92759998806287,1868.0,0.016690510002255004,0.0,450,450,450,450,450,450,450,450,450,450,450
GET,/api/session/report/c46e0ec7-8d68-499c-b628-a33a5c13d5c8,1,0,534.2745000089053,534.2745000089053,534.2745000089053,534.2745000089053,5522.0,0.016690510002255004,0.0,530,530,530,530,530,530,530,530,530,530,530
GET,/api/session/report/c4f50cf1-5b31-4aac-b21e-1ca26d2336f9,1,0,584.3113000009907,584.3113000009907,584.3113000009907,584.3113000009907,5193.0,0.016690510002255004,0.0,580,580,580,580,580,580,580,580,580,580,580
GET,/api/session/report/c64b67ef-bd5e-45b6-b89e-72ec4254aeee,1,1,258.26380000216886,258.26380000216886,258.26380000216886,258.26380000216886,21.0,0.016690510002255004,0.016690510002255004,260,260,260,260,260,260,260,260,260,260,260
GET,/api/session/report/c79b4ad7-0606-4382-91a3-81704d42ba5c,1,0,300.60849999426864,300.60849999426864,300.60849999426864,300.60849999426864,4251.0,0.016690510002255004,0.0,300,300,300,300,300,300,300,300,300,300,300
GET,/api/session/report/ca0eb0af-ae31-4f63-8fb4-53f4156bea4c,1,1,262.18859999789856,262.18859999789856,262.18859999789856,262.18859999789856,21.0,0.016690510002255004,0.016690510002255004,260,260,260,260,260,260,260,260,260,260,260
GET,/api/session/report/cb2e8b7c-a909-45b6-892d-c1292ff60cba,1,1,256.24030000471976,256.24030000471976,256.24030000471976,256.24030000471976,21.0,0.016690510002255004,0.016690510002255004,260,260,260,260,260,260,260,260,260,260,260
GET,/api/session/report/ced23e7b-6dbd-410d-bae1-ea61abddbe90,1,0,395.40340000530705,395.40340000530705,395.40340000530705,395.40340000530705,4274.0,0.016690510002255004,0.0,400,400,400,400,400,400,400,400,400,400,400
GET,/api/session/report/d020e0ba-0479-4c4e-b3dc-030d2432b1fb,1,0,838.3840000024065,838.3840000024065,838.3840000024065,838.3840000024065,5535.0,0.016690510002255004,0.0,840,840,840,840,840,840,840,840,840,840,840
GET,/api/session/report/d0b5ec36-1a8c-4df2-ab46-0451923b6507,1,0,1194.951099998434,1194.951099998434,1194.951099998434,1194.951099998434,3360.0,0.016690510002255004,0.0,1200,1200,1200,1200,1200,1200,1200,1200,1200,1200,1200
GET,/api/session/report/d0d991c0-8c00-4c9b-92c9-f52ed0492e26,1,0,59.15409998851828,59.15409998851828,59.15409998851828,59.15409998851828,1868.0,0.016690510002255004,0.0,59,59,59,59,59,59,59,59,59,59,59
GET,/api/session/report/d3b126cf-f0ba-49a6-9c7e-df9910dce43c,1,0,197.88300000072923,197.88300000072923,197.88300000072923,197.88300000072923,6030.0,0.016690510002255004,0.0,200,200,200,200,200,200,200,200,200,200,200
GET,/api/session/report/d5c17687-d29a-4fc5-92e5-81512d38a0a5,1,0,158.58090000983793,158.58090000983793,158.58090000983793,158.58090000983793,4514.0,0.016690510002255004,0.0,160,160,160,160,160,160,160,160,160,160,160
GET,/api/session/report/d880f097-a5aa-4668-abda-8b514ed65e42,1,1,262.35549998818897,262.35549998818897,262.35549998818897,262.35549998818897,21.0,0.016690510002255004,0.016690510002255004,260,260,260,260,260,260,260,260,260,260,260
GET,/api/session/report/d9043351-dc94-4628-9eed-d99fb172fb58,1,0,552.0021999982418,552.0021999982418,552.0021999982418,552.0021999982418,5412.0,0.016690510002255004,0.0,550,550,550,550,550,550,550,550,550,550,550
GET,/api/session/report/d932dd9d-5b42-49ee-9b40-54b5a36cd052,1,0,69.88979999732692,69.88979999732692,69.88979999732692,69.88979999732692,3185.0,0.016690510002255004,0.0,70,70,70,70,70,70,70,70,70,70,70
GET,/api/session/report/dab06c60-0947-4e9b-9326-6b1a217b09be,1,0,18.260299999383278,18.260299999383278,18.260299999383278,18.260299999383278,2921.0,0.016690510002255004,0.0,18,18,18,18,18,18,18,18,18,18,18
GET,/api/session/report/de2123c0-ff07-4a82-9db4-f82ff6a75040,1,0,1207.4857999978121,1207.4857999978121,1207.4857999978121,1207.4857999978121,4780.0,0.016690510002255004,0.0,1200,1200,1200,1200,1200,1200,1200,1200,1200,1200,1200
GET,/api/session/report/de51ee97-c88b-4739-98a8-a1673fd536c5,1,0,38.930700000491925,38.930700000491925,38.930700000491925,38.930700000491925,1335.0,0.016690510002255004,0.0,39,39,39,39,39,39,39,39,39,39,39
GET,/api/session/report/e12b47df-b4e3-48cf-9d4a-acbd2e67b52a,1,0,462.07249999861233,462.07249999861233,462.07249999861233,462.07249999861233,5811.0,0.016690510002255004,0.0,460,460,460,460,460,460,460,460,460,460,460
GET,/api/session/report/e158d088-af92-430d-850e-63f7b73ff3f4,1,0,1023.2927000033669,1023.2927000033669,1023.2927000033669,1023.2927000033669,6046.0,0.016690510002255004,0.0,1000,1000,1000,1000,1000,1000,1000,1000,1000,1000,1000
GET,/api/session/report/e39b875a-0230-4ae2-807b-55bae810dfdd,1,0,660.55809998943,660.55809998943,660.55809998943,660.55809998943,4778.0,0.016690510002255004,0.0,660,660,660,660,660,660,660,660,660,660,660
GET,/api/session/report/e3d80680-a03b-4118-bcb0-668b554a2e00,1,1,257.129999998142,257.129999998142,257.129999998142,257.129999998142,21.0,0.016690510002255004,0.016690510002255004,260,260,260,260,260,260,260,260,260,260,260
GET,/api/session/report/e42a1bf2-d71e-4e39-8c7c-1acbe82832e8,1,0,734.0874999936204,734.0874999936204,734.0874999936204,734.0874999936204,5267.0,0.016690510002255004,0.0,730,730,730,730,730,730,730,730,730,730,730
GET,/api/session/report/e5324e04-6da3-4713-bf3d-bc6881dc51f5,1,0,162.49539999989793,162.49539999989793,162.49539999989793,162.49539999989793,5190.0,0.016690510002255004,0.0,160,160,160,160,160,160,160,160,160,160,160
GET,/api/session/report/e68ad9e0-96a7-49ec-b68d-cd637d44c26f,1,0,615.9891999996034,615.9891999996034,615.9891999996034,615.9891999996034,1335.0,0.016690510002255004,0.0,620,620,620,620,620,620,620,620,620,620,620
GET,/api/session/report/e731b37d-648d-48a3-93f3-c7ed0ba70d8d,1,0,165.20309999759775,165.20309999759775,165.20309999759775,165.20309999759775,2131.0,0.016690510002255004,0.0,170,170,170,170,170,170,170,170,170,170,170
GET,/api/session/report/e7c6db5e-4911-44ad-bff8-3a1e7a3f0079,1,1,256.52249999984633,256.52249999984633,256.52249999984633,256.52249999984633,21.0,0.016690510002255004,0.016690510002255004,260,260,260,260,260,260,260,260,260,260,260
GET,/api/session/report/e84064f1-4c42-486c-8e64-e6e188d453ed,1,0,133.52540000050794,133.52540000050794,133.52540000050794,133.52540000050794,5801.0,0.016690510002255004,0.0,130,130,130,130,130,130,130,130,130,130,130
GET,/api/session/report/e89c353e-d07e-450c-915a-a1792261098f,1,1,256.02479999361094,256.02479999361094,256.02479999361094,256.02479999361094,21.0,0.016690510002255004,0.016690510002255004,260,260,260,260,260,260,260,260,260,260,260
GET,/api/session/report/e9a04a90-489b-4459-9ae2-aa1187ebdf7f,1,0,228.73089999484364,228.73089999484364,228.73089999484364,228.73089999484364,5430.0,0.016690510002255004,0.0,230,230,230,230,230,230,230,230,230,230,230
GET,/api/session/report/ebd2b4ab-7d00-4c94-b62c-66022b4109b8,1,0,1416.260300000431,1416.260300000431,1416.260300000431,1416.260300000431,4952.0,0.016690510002255004,0.0,1400,1400,1400,1400,1400,1400,1400,1400,1400,1400,1400
GET,/api/session/report/ec1110f9-5aae-4bf8-b623-9fde44e74f6c,1,0,122.55040000309236,122.55040000309236,122.55040000309236,122.55040000309236,5430.0,0.016690510002255004,0.0,120,120,120,120,120,120,120,120,120,120,120
GET,/api/session/report/ec5f1804-9941-47aa-9c78-a34a69521c69,1,0,330.53029999427963,330.53029999427963,330.53029999427963,330.53029999427963,4944.0,0.016690510002255004,0.0,330,330,330,330,330,330,330,330,330,330,330
GET,/api/session/report/ed5ec035-a376-4a9c-8b3f-f0d2842d72a2,1,1,259.02620000124443,259.02620000124443,259.02620000124443,259.02620000124443,21.0,0.016690510002255004,0.016690510002255004,260,260,260,260,260,260,260,260,260,260,260
GET,/api/session/report/f0f2ccae-5c41-439f-b618-efde79dec648,1,0,480.08199999458157,480.08199999458157,480.08199999458157,480.08199999458157,5789.0,0.016690510002255004,0.0,480,480,480,480,480,480,480,480,480,480,480
GET,/api/session/report/f1984b6a-8ec9-47f9-9a25-cd0c72a33306,1,1,256.09750000876375,256.09750000876375,256.09750000876375,256.09750000876375,21.0,0.016690510002255004,0.016690510002255004,260,260,260,260,260,260,260,260,260,260,260
GET,/api/session/report/f372a66e-845b-4351-8e5f-096f51ae973f,1,0,1652.699099999154,1652.699099999154,1652.699099999154,1652.699099999154,6270.0,0.016690510002255004,0.0,1700,1700,1700,1700,1700,1700,1700,1700,1700,1700,1700
GET,/api/session/report/f54ad2a2-41c6-4566-bc81-293809c59cc7,1,1,259.924999991199,259.924999991199,259.924999991199,259.924999991199,21.0,0.016690510002255004,0.016690510002255004,260,260,260,260,260,260,260,260,260,260,260
GET,/api/session/report/f5f3b1b9-6818-490b-b2b6-a472a2f0f464,1,0,784.8408999998355,784.8408999998355,784.8408999998355,784.8408999998355,5754.0,0.016690510002255004,0.0,780,780,780,780,780,780,780,780,780,780,780
GET,/api/session/report/f7382d15-1fe9-4aef-8960-340dd2eb1080,1,0,632.8226000041468,632.8226000041468,632.8226000041468,632.8226000041468,3360.0,0.016690510002255004,0.0,630,630,630,630,630,630,630,630,630,630,630
GET,/api/session/report/f95509fc-b2ce-4a81-8da0-3888b2449c10,1,0,1047.8384000016376,1047.8384000016376,1047.8384000016376,1047.8384000016376,5423.0,0.016690510002255004,0.0,1000,1000,1000,1000,1000,1000,1000,1000,1000,1000,1000
GET,/api/session/report/fa2bb27e-ee8c-4510-8b1e-e5063b442f60,1,0,764.836500005913,764.836500005913,764.836500005913,764.836500005913,6290.0,0.016690510002255004,0.0,760,760,760,760,760,760,760,760,760,760,760
GET,/api/session/report/fadf0bf7-143e-4d39-94b1-574f25d11d9f,1,0,1437.5232000020333,1437.5232000020333,1437.5232000020333,1437.5232000020333,6298.0,0.016690510002255004,0.0,1400,1400,1400,1400,1400,1400,1400,1400,1400,1400,1400
GET,/api/session/report/fc5d68c9-372d-4dbc-aa47-3554d69b03d2,1,0,354.1151999961585,354.1151999961585,354.1151999961585,354.1151999961585,6298.0,0.016690510002255004,0.0,350,350,350,350,350,350,350,350,350,350,350
GET,/api/session/report/fcd929b5-8622-46b1-b69f-fba98a82b4d8,1,0,52.639699992141686,52.639699992141686,52.639699992141686,52.639699992141686,2921.0,0.016690510002255004,0.0,53,53,53,53,53,53,53,53,53,53,53
GET,/api/session/report/ff5f2a47-6087-4998-bcbf-71ab030eae07,1,0,84.15179999428801,84.15179999428801,84.15179999428801,84.15179999428801,1986.0,0.016690510002255004,0.0,84,84,84,84,84,84,84,84,84,84,84
POST,/api/session/respond,1614,91,280,551.9522861834348,22.986099997069687,5489.424199986388,461.5377942998761,26.93848314363958,1.5188364102052054,280,480,650,820,1400,1900,2900,3800,5400,5500,5500
POST,/api/session/start,306,114,230,399.3669202612307,19.69190000090748,4334.831900006975,392.7549019607843,5.1072960606900315,1.9027181402570705,230,300,430,590,1000,1400,2300,3000,4300,4300,4300
,Aggregated,2110,235,270,523.680996255871,18.260299999383278,5489.424199986388,755.6706161137441,35.21697610475806,3.922269850529926,270,440,620,760,1300,1800,2800,3600,5400,5500,5500
